<?xml version="1.0" encoding="UTF-8"?>
<document type="com.apple.InterfaceBuilder3.CocoaTouch.Storyboard.XIB" version="3.0" toolsVersion="14113" targetRuntime="iOS.CocoaTouch" propertyAccessControl="none" useAutolayout="YES" useTraitCollections="YES" useSafeAreas="YES" colorMatched="YES" initialViewController="7c6-SO-jO0">
    <device id="retina5_5" orientation="portrait">
        <adaptation id="fullscreen"/>
    </device>
    <dependencies>
        <deployment identifier="iOS"/>
        <plugIn identifier="com.apple.InterfaceBuilder.IBCocoaTouchPlugin" version="14088"/>
        <capability name="Safe area layout guides" minToolsVersion="9.0"/>
        <capability name="documents saved in the Xcode 8 format" minToolsVersion="8.0"/>
    </dependencies>
    <scenes>
        <!--View Controller-->
        <scene sceneID="tne-QT-ifu">
            <objects>
                <viewController id="BYZ-38-t0r" customClass="ViewController" customModule="hello_word" customModuleProvider="target" sceneMemberID="viewController">
                    <view key="view" contentMode="scaleToFill" id="8bC-Xf-vdC" userLabel="Main view">
                        <rect key="frame" x="0.0" y="0.0" width="414" height="736"/>
                        <autoresizingMask key="autoresizingMask" widthSizable="YES" heightSizable="YES"/>
                        <subviews>
                            <imageView userInteractionEnabled="NO" contentMode="scaleToFill" horizontalHuggingPriority="200" verticalHuggingPriority="156" misplaced="YES" image="Sans titre-1" translatesAutoresizingMaskIntoConstraints="NO" id="pXe-BQ-8nd">
                                <rect key="frame" x="78" y="114" width="200" height="128"/>
                            </imageView>
                            <textField opaque="NO" contentMode="scaleToFill" fixedFrame="YES" contentHorizontalAlignment="left" contentVerticalAlignment="center" text="user" borderStyle="roundedRect" textAlignment="center" minimumFontSize="17" translatesAutoresizingMaskIntoConstraints="NO" id="VgR-Mb-epO">
                                <rect key="frame" x="79" y="294" width="219" height="30"/>
                                <autoresizingMask key="autoresizingMask" flexibleMaxX="YES" flexibleMaxY="YES"/>
                                <nil key="textColor"/>
                                <fontDescription key="fontDescription" type="system" pointSize="14"/>
                                <textInputTraits key="textInputTraits"/>
                            </textField>
                            <textField opaque="NO" contentMode="scaleToFill" fixedFrame="YES" contentHorizontalAlignment="left" contentVerticalAlignment="center" text="pass" borderStyle="roundedRect" textAlignment="center" minimumFontSize="17" translatesAutoresizingMaskIntoConstraints="NO" id="E87-53-7rS">
                                <rect key="frame" x="78" y="351" width="219" height="30"/>
                                <autoresizingMask key="autoresizingMask" flexibleMaxX="YES" flexibleMaxY="YES"/>
                                <nil key="textColor"/>
                                <fontDescription key="fontDescription" type="system" pointSize="14"/>
                                <textInputTraits key="textInputTraits"/>
                            </textField>
                            <imageView userInteractionEnabled="NO" contentMode="scaleToFill" horizontalHuggingPriority="251" verticalHuggingPriority="251" misplaced="YES" image="haste-1" translatesAutoresizingMaskIntoConstraints="NO" id="Igt-QL-9Hb">
                                <rect key="frame" x="151" y="78" width="240" height="200"/>
                            </imageView>
                        </subviews>
                        <color key="backgroundColor" red="0.94699603319168091" green="0.87570196390151978" blue="0.78742045164108276" alpha="1" colorSpace="custom" customColorSpace="sRGB"/>
                        <color key="tintColor" red="0.94699603319168091" green="0.87570196390151978" blue="0.78742045164108276" alpha="1" colorSpace="custom" customColorSpace="sRGB"/>
                        <constraints>
                            <constraint firstItem="Igt-QL-9Hb" firstAttribute="leading" secondItem="6Tk-OE-BBY" secondAttribute="leading" constant="156" id="18p-BS-Seu"/>
                            <constraint firstItem="Igt-QL-9Hb" firstAttribute="top" secondItem="6Tk-OE-BBY" secondAttribute="top" constant="200" id="1f5-rq-bPG"/>
                            <constraint firstItem="Igt-QL-9Hb" firstAttribute="top" secondItem="6Tk-OE-BBY" secondAttribute="top" constant="106" id="7XE-xo-mfQ"/>
                            <constraint firstItem="Igt-QL-9Hb" firstAttribute="leading" secondItem="6Tk-OE-BBY" secondAttribute="leading" constant="156" id="9JX-dk-Pl5"/>
                            <constraint firstItem="pXe-BQ-8nd" firstAttribute="top" secondItem="6Tk-OE-BBY" secondAttribute="top" constant="87" id="LlF-VO-62f"/>
                            <constraint firstItem="Igt-QL-9Hb" firstAttribute="top" secondItem="6Tk-OE-BBY" secondAttribute="top" constant="94" id="WaP-eN-gdj"/>
                            <constraint firstItem="Igt-QL-9Hb" firstAttribute="leading" secondItem="6Tk-OE-BBY" secondAttribute="leading" constant="148" id="b9n-hJ-0Gn"/>
                            <constraint firstItem="pXe-BQ-8nd" firstAttribute="leading" secondItem="6Tk-OE-BBY" secondAttribute="leading" constant="71" id="sTD-Cw-pzp"/>
                        </constraints>
                        <viewLayoutGuide key="safeArea" id="6Tk-OE-BBY"/>
                    </view>
                </viewController>
                <placeholder placeholderIdentifier="IBFirstResponder" id="dkx-z0-nzr" sceneMemberID="firstResponder"/>
            </objects>
            <point key="canvasLocation" x="669.60000000000002" y="31.934032983508249"/>
        </scene>
        <!--View Controller-->
        <scene sceneID="wBq-8o-dOo">
            <objects>
                <viewController id="gbW-Uq-Kkj" sceneMemberID="viewController">
                    <view key="view" contentMode="scaleToFill" id="kGF-VD-ctG">
                        <rect key="frame" x="0.0" y="0.0" width="414" height="736"/>
                        <autoresizingMask key="autoresizingMask" widthSizable="YES" heightSizable="YES"/>
                        <subviews>
                            <imageView userInteractionEnabled="NO" contentMode="scaleToFill" horizontalHuggingPriority="251" verticalHuggingPriority="251" image="Sans titre-1" translatesAutoresizingMaskIntoConstraints="NO" id="0g6-7R-Ory">
                                <rect key="frame" x="82" y="213" width="250" height="310"/>
                                <constraints>
                                    <constraint firstAttribute="width" constant="250" id="VUJ-f9-quk"/>
                                    <constraint firstAttribute="height" constant="310" id="hKR-up-3OG"/>
                                </constraints>
                            </imageView>
                            <segmentedControl opaque="NO" contentMode="scaleToFill" fixedFrame="YES" contentHorizontalAlignment="center" contentVerticalAlignment="top" segmentControlStyle="plain" selectedSegmentIndex="0" translatesAutoresizingMaskIntoConstraints="NO" id="Ain-sC-sHY">
                                <rect key="frame" x="117" y="104" width="180" height="29"/>
                                <autoresizingMask key="autoresizingMask" flexibleMaxX="YES" flexibleMaxY="YES"/>
                                <segments>
                                    <segment title="page 1"/>
                                    <segment title="page 2"/>
                                    <segment title="page 3"/>
                                </segments>
                                <color key="tintColor" red="0.0" green="0.66666668650000005" blue="0.39453140019999999" alpha="1" colorSpace="custom" customColorSpace="sRGB"/>
                            </segmentedControl>
                        </subviews>
                        <color key="backgroundColor" white="1" alpha="1" colorSpace="custom" customColorSpace="genericGamma22GrayColorSpace"/>
                        <constraints>
                            <constraint firstItem="0g6-7R-Ory" firstAttribute="centerX" secondItem="kGF-VD-ctG" secondAttribute="centerX" id="jaG-3j-eci"/>
                            <constraint firstItem="0g6-7R-Ory" firstAttribute="centerY" secondItem="kGF-VD-ctG" secondAttribute="centerY" id="y08-62-tZY"/>
                        </constraints>
                        <viewLayoutGuide key="safeArea" id="BZ8-nx-dbe"/>
                    </view>
                </viewController>
                <placeholder placeholderIdentifier="IBFirstResponder" id="Gq8-9l-xaB" userLabel="First Responder" sceneMemberID="firstResponder"/>
            </objects>
            <point key="canvasLocation" x="1375" y="32"/>
        </scene>
        <!--View Controller-->
        <scene sceneID="8g9-cS-OFM">
            <objects>
                <viewController id="7c6-SO-jO0" sceneMemberID="viewController">
                    <view key="view" contentMode="scaleToFill" id="zdI-QQ-9B1">
                        <rect key="frame" x="0.0" y="0.0" width="414" height="736"/>
                        <autoresizingMask key="autoresizingMask" widthSizable="YES" heightSizable="YES"/>
                        <subviews>
                            <button opaque="NO" contentMode="scaleToFill" contentHorizontalAlignment="center" contentVerticalAlignment="center" buttonType="roundedRect" lineBreakMode="middleTruncation" translatesAutoresizingMaskIntoConstraints="NO" id="Xje-vH-M3N">
                                <rect key="frame" x="20" y="656" width="374" height="60"/>
                                <fontDescription key="fontDescription" type="system" pointSize="40"/>
                                <size key="titleShadowOffset" width="1" height="1"/>
                                <state key="normal" title="GO">
                                    <color key="titleColor" red="0.0" green="0.66666668650000005" blue="0.39453140019999999" alpha="1" colorSpace="custom" customColorSpace="sRGB"/>
                                    <color key="titleShadowColor" white="0.0" alpha="1" colorSpace="custom" customColorSpace="genericGamma22GrayColorSpace"/>
                                </state>
                            </button>
                            <view contentMode="scaleToFill" ambiguous="YES" translatesAutoresizingMaskIntoConstraints="NO" id="3l7-fl-OMv" userLabel="login_background">
                                <rect key="frame" x="20" y="272" width="374" height="128"/>
                                <subviews>
                                    <label opaque="NO" userInteractionEnabled="NO" contentMode="left" horizontalHuggingPriority="251" verticalHuggingPriority="251" ambiguous="YES" text="pass" textAlignment="natural" lineBreakMode="tailTruncation" baselineAdjustment="alignBaselines" adjustsFontSizeToFit="NO" translatesAutoresizingMaskIntoConstraints="NO" id="Sxr-vV-r15">
                                        <rect key="frame" x="0.0" y="72" width="55" height="34"/>
                                        <fontDescription key="fontDescription" type="system" pointSize="27"/>
                                        <color key="textColor" red="0.0" green="0.66666668650000005" blue="0.39453140019999999" alpha="1" colorSpace="custom" customColorSpace="sRGB"/>
                                        <color key="highlightedColor" red="0.0" green="0.66666668650000005" blue="0.39453140019999999" alpha="1" colorSpace="custom" customColorSpace="sRGB"/>
                                        <color key="shadowColor" white="0.0" alpha="1" colorSpace="custom" customColorSpace="genericGamma22GrayColorSpace"/>
                                    </label>
                                    <textField opaque="NO" contentMode="scaleToFill" fixedFrame="YES" contentHorizontalAlignment="left" contentVerticalAlignment="center" borderStyle="roundedRect" textAlignment="natural" minimumFontSize="17" translatesAutoresizingMaskIntoConstraints="NO" id="tSG-aV-Kjb">
                                        <rect key="frame" x="67" y="33" width="299" height="30"/>
                                        <autoresizingMask key="autoresizingMask" flexibleMaxX="YES" flexibleMaxY="YES"/>
                                        <color key="backgroundColor" red="0.14355498552322388" green="0.93539148569107056" blue="0.62681514024734497" alpha="1" colorSpace="custom" customColorSpace="sRGB"/>
                                        <nil key="textColor"/>
                                        <fontDescription key="fontDescription" type="system" pointSize="14"/>
                                        <textInputTraits key="textInputTraits"/>
                                    </textField>
                                    <label opaque="NO" userInteractionEnabled="NO" contentMode="left" horizontalHuggingPriority="251" verticalHuggingPriority="251" ambiguous="YES" text="user" textAlignment="natural" lineBreakMode="tailTruncation" baselineAdjustment="alignBaselines" adjustsFontSizeToFit="NO" translatesAutoresizingMaskIntoConstraints="NO" id="oWH-1D-G3n">
                                        <rect key="frame" x="0.0" y="33" width="47" height="31"/>
                                        <constraints>
                                            <constraint firstAttribute="width" constant="47" id="d1y-gK-WEg"/>
                                            <constraint firstAttribute="height" constant="31" id="lqK-8E-ynM"/>
                                        </constraints>
                                        <fontDescription key="fontDescription" type="system" pointSize="25"/>
                                        <color key="textColor" red="0.0" green="0.66666668650000005" blue="0.39453140019999999" alpha="1" colorSpace="custom" customColorSpace="sRGB"/>
                                        <nil key="highlightedColor"/>
                                        <color key="shadowColor" white="0.0" alpha="1" colorSpace="custom" customColorSpace="genericGamma22GrayColorSpace"/>
                                    </label>
                                    <textField opaque="NO" contentMode="scaleToFill" ambiguous="YES" contentHorizontalAlignment="left" contentVerticalAlignment="center" borderStyle="roundedRect" textAlignment="natural" minimumFontSize="17" translatesAutoresizingMaskIntoConstraints="NO" id="OUq-KF-rW5">
                                        <rect key="frame" x="67" y="74" width="299" height="30"/>
                                        <color key="backgroundColor" red="0.14355498552322388" green="0.93539148569107056" blue="0.62681514024734497" alpha="1" colorSpace="custom" customColorSpace="sRGB"/>
                                        <color key="tintColor" white="0.66666666669999997" alpha="1" colorSpace="custom" customColorSpace="genericGamma22GrayColorSpace"/>
                                        <color key="textColor" white="0.66666666666666663" alpha="1" colorSpace="custom" customColorSpace="genericGamma22GrayColorSpace"/>
                                        <fontDescription key="fontDescription" type="system" pointSize="14"/>
                                        <textInputTraits key="textInputTraits"/>
                                    </textField>
                                </subviews>
                                <color key="backgroundColor" white="1" alpha="1" colorSpace="custom" customColorSpace="genericGamma22GrayColorSpace"/>
                                <constraints>
                                    <constraint firstItem="oWH-1D-G3n" firstAttribute="leading" secondItem="3l7-fl-OMv" secondAttribute="leading" id="KqI-3M-o1V"/>
                                    <constraint firstItem="OUq-KF-rW5" firstAttribute="leading" secondItem="Sxr-vV-r15" secondAttribute="trailing" constant="20" id="Q8u-sz-riY"/>
                                    <constraint firstAttribute="height" constant="200" id="wdy-QC-MEL"/>
                                </constraints>
                            </view>
                        </subviews>
                        <color key="backgroundColor" red="0.94699603319168091" green="0.87570196390151978" blue="0.78742045164108276" alpha="1" colorSpace="custom" customColorSpace="sRGB"/>
                        <color key="tintColor" red="0.94699603319168091" green="0.87570196390151978" blue="0.78742045164108276" alpha="1" colorSpace="custom" customColorSpace="sRGB"/>
                        <constraints>
                            <constraint firstItem="ZsF-f0-mRM" firstAttribute="trailing" secondItem="3l7-fl-OMv" secondAttribute="trailing" constant="20" id="HPI-Gl-Laj"/>
                            <constraint firstItem="Xje-vH-M3N" firstAttribute="leading" secondItem="ZsF-f0-mRM" secondAttribute="leading" constant="20" id="JKb-yb-Uhu"/>
                            <constraint firstItem="3l7-fl-OMv" firstAttribute="leading" secondItem="ZsF-f0-mRM" secondAttribute="leading" constant="20" id="SZR-Hj-MYw"/>
                            <constraint firstItem="ZsF-f0-mRM" firstAttribute="trailing" secondItem="Xje-vH-M3N" secondAttribute="trailing" constant="20" id="mG8-id-oF3"/>
                            <constraint firstItem="ZsF-f0-mRM" firstAttribute="bottom" secondItem="Xje-vH-M3N" secondAttribute="bottom" constant="20" id="pcS-fh-KTW"/>
                        </constraints>
                        <viewLayoutGuide key="safeArea" id="ZsF-f0-mRM"/>
                    </view>
                </viewController>
                <placeholder placeholderIdentifier="IBFirstResponder" id="GI9-OR-m03" userLabel="First Responder" sceneMemberID="firstResponder"/>
            </objects>
            <point key="canvasLocation" x="2102.898550724638" y="31.793478260869566"/>
        </scene>
        <!--View Controller-->
        <scene sceneID="dwV-cG-641">
            <objects>
                <viewController id="Q0R-YX-Yp9" sceneMemberID="viewController">
                    <view key="view" contentMode="scaleToFill" id="tGD-yb-T5e">
                        <rect key="frame" x="0.0" y="0.0" width="414" height="736"/>
                        <autoresizingMask key="autoresizingMask" widthSizable="YES" heightSizable="YES"/>
                        <subviews>
                            <button opaque="NO" contentMode="scaleToFill" contentHorizontalAlignment="center" contentVerticalAlignment="center" buttonType="roundedRect" lineBreakMode="middleTruncation" translatesAutoresizingMaskIntoConstraints="NO" id="Ddf-sU-e1t">
                                <rect key="frame" x="20" y="672" width="374" height="44"/>
                                <color key="backgroundColor" red="0.14355498552322388" green="0.93539148569107056" blue="0.62681514024734497" alpha="1" colorSpace="custom" customColorSpace="sRGB"/>
                                <constraints>
                                    <constraint firstAttribute="height" constant="44" id="K51-Ap-T1J"/>
                                </constraints>
                                <state key="normal" title="Button">
                                    <color key="titleColor" white="0.0" alpha="1" colorSpace="custom" customColorSpace="genericGamma22GrayColorSpace"/>
                                    <color key="titleShadowColor" red="0.0" green="0.66666668650000005" blue="0.39453140019999999" alpha="1" colorSpace="custom" customColorSpace="sRGB"/>
                                </state>
                            </button>
                            <label opaque="NO" userInteractionEnabled="NO" contentMode="left" horizontalHuggingPriority="251" verticalHuggingPriority="251" ambiguous="YES" text="" textAlignment="natural" lineBreakMode="tailTruncation" baselineAdjustment="alignBaselines" adjustsFontSizeToFit="NO" translatesAutoresizingMaskIntoConstraints="NO" id="J9z-Ss-Nl9">
                                <rect key="frame" x="20" y="206" width="374" height="200"/>
                                <color key="backgroundColor" red="0.088998548686504364" green="0.5578189492225647" blue="0.74527710676193237" alpha="1" colorSpace="custom" customColorSpace="sRGB"/>
                                <fontDescription key="fontDescription" type="system" pointSize="17"/>
                                <nil key="textColor"/>
                                <nil key="highlightedColor"/>
                            </label>
                            <stackView opaque="NO" contentMode="scaleToFill" fixedFrame="YES" translatesAutoresizingMaskIntoConstraints="NO" id="04j-CW-E5h">
                                <rect key="frame" x="34" y="117" width="77" height="30"/>
                                <autoresizingMask key="autoresizingMask" flexibleMaxX="YES" flexibleMaxY="YES"/>
                            </stackView>
                            <textField opaque="NO" contentMode="scaleToFill" ambiguous="YES" misplaced="YES" contentHorizontalAlignment="left" contentVerticalAlignment="center" borderStyle="roundedRect" textAlignment="natural" minimumFontSize="17" translatesAutoresizingMaskIntoConstraints="NO" id="9sD-W4-tGK">
                                <rect key="frame" x="135" y="239" width="230" height="30"/>
                                <nil key="textColor"/>
                                <fontDescription key="fontDescription" type="system" pointSize="14"/>
                                <textInputTraits key="textInputTraits"/>
                            </textField>
                            <textField opaque="NO" contentMode="scaleToFill" ambiguous="YES" misplaced="YES" contentHorizontalAlignment="left" contentVerticalAlignment="center" text="User" borderStyle="roundedRect" textAlignment="natural" minimumFontSize="17" translatesAutoresizingMaskIntoConstraints="NO" id="hzY-UA-bHJ">
                                <rect key="frame" x="50" y="239" width="77" height="30"/>
                                <nil key="textColor"/>
                                <fontDescription key="fontDescription" type="system" pointSize="14"/>
                                <textInputTraits key="textInputTraits"/>
                            </textField>
                            <stackView opaque="NO" contentMode="scaleToFill" fixedFrame="YES" translatesAutoresizingMaskIntoConstraints="NO" id="QtT-lL-7Yo">
                                <rect key="frame" x="107" y="429" width="77" height="30"/>
                                <autoresizingMask key="autoresizingMask" flexibleMaxX="YES" flexibleMaxY="YES"/>
                            </stackView>
                            <textField opaque="NO" contentMode="scaleToFill" ambiguous="YES" contentHorizontalAlignment="left" contentVerticalAlignment="center" text="Pass" borderStyle="roundedRect" textAlignment="natural" minimumFontSize="17" translatesAutoresizingMaskIntoConstraints="NO" id="6kZ-yo-u0r">
                                <rect key="frame" x="50" y="334" width="77" height="30"/>
                                <nil key="textColor"/>
                                <fontDescription key="fontDescription" type="system" pointSize="14"/>
                                <textInputTraits key="textInputTraits"/>
                            </textField>
                            <textField opaque="NO" contentMode="scaleToFill" horizontalHuggingPriority="200" verticalHuggingPriority="300" ambiguous="YES" contentHorizontalAlignment="left" contentVerticalAlignment="center" borderStyle="roundedRect" textAlignment="natural" minimumFontSize="17" translatesAutoresizingMaskIntoConstraints="NO" id="yBM-ev-Jti">
                                <rect key="frame" x="135" y="334" width="230" height="30"/>
                                <nil key="textColor"/>
                                <fontDescription key="fontDescription" type="system" pointSize="14"/>
                                <textInputTraits key="textInputTraits"/>
                            </textField>
                        </subviews>
                        <color key="backgroundColor" white="1" alpha="1" colorSpace="custom" customColorSpace="genericGamma22GrayColorSpace"/>
                        <constraints>
                            <constraint firstItem="mdH-OJ-Szk" firstAttribute="trailing" secondItem="Ddf-sU-e1t" secondAttribute="trailing" constant="20" id="2O0-iq-4gp"/>
                            <constraint firstItem="Ddf-sU-e1t" firstAttribute="leading" secondItem="mdH-OJ-Szk" secondAttribute="leading" constant="20" id="JS6-Qt-vgx"/>
                            <constraint firstItem="mdH-OJ-Szk" firstAttribute="bottom" secondItem="Ddf-sU-e1t" secondAttribute="bottom" constant="20" id="Jdi-W5-sJ1"/>
                            <constraint firstItem="9sD-W4-tGK" firstAttribute="centerX" secondItem="tGD-yb-T5e" secondAttribute="centerX" id="VyL-tN-Hwj"/>
                            <constraint firstItem="yBM-ev-Jti" firstAttribute="leading" secondItem="6kZ-yo-u0r" secondAttribute="trailing" constant="8" id="Wu0-e3-JuF"/>
                            <constraint firstItem="J9z-Ss-Nl9" firstAttribute="leading" secondItem="mdH-OJ-Szk" secondAttribute="leading" constant="20" id="aP4-rg-sm1"/>
                            <constraint firstItem="mdH-OJ-Szk" firstAttribute="trailing" secondItem="J9z-Ss-Nl9" secondAttribute="trailing" constant="20" id="fpp-gl-2LB"/>
                            <constraint firstItem="hzY-UA-bHJ" firstAttribute="centerX" secondItem="tGD-yb-T5e" secondAttribute="centerX" id="gPJ-sx-fhH"/>
                        </constraints>
                        <viewLayoutGuide key="safeArea" id="mdH-OJ-Szk"/>
                    </view>
                </viewController>
                <placeholder placeholderIdentifier="IBFirstResponder" id="DC2-pI-6qh" userLabel="First Responder" sceneMemberID="firstResponder"/>
            </objects>
            <point key="canvasLocation" x="2856.521739130435" y="31.793478260869566"/>
        </scene>
        <!--View Controller-->
        <scene sceneID="poi-mH-vNT">
            <objects>
                <viewController id="2dx-Nc-9RG" sceneMemberID="viewController">
                    <view key="view" contentMode="scaleToFill" id="N97-BW-phu">
                        <rect key="frame" x="0.0" y="0.0" width="414" height="736"/>
                        <autoresizingMask key="autoresizingMask" widthSizable="YES" heightSizable="YES"/>
                        <subviews>
                            <textField opaque="NO" contentMode="scaleToFill" contentHorizontalAlignment="left" contentVerticalAlignment="center" text="RAPIDO FORM" borderStyle="roundedRect" textAlignment="center" minimumFontSize="17" translatesAutoresizingMaskIntoConstraints="NO" id="BGA-31-7Nz">
                                <rect key="frame" x="148" y="44" width="119" height="30"/>
                                <color key="backgroundColor" red="1" green="0.57810515169999999" blue="0.0" alpha="1" colorSpace="custom" customColorSpace="sRGB"/>
                                <color key="tintColor" white="1" alpha="1" colorSpace="custom" customColorSpace="genericGamma22GrayColorSpace"/>
                                <constraints>
                                    <constraint firstAttribute="height" constant="30" id="NVX-ij-0Bc"/>
                                    <constraint firstAttribute="width" constant="119" id="t2y-Ih-HYk"/>
                                </constraints>
                                <nil key="textColor"/>
                                <fontDescription key="fontDescription" type="system" pointSize="14"/>
                                <textInputTraits key="textInputTraits"/>
                            </textField>
                            <switch opaque="NO" contentMode="scaleToFill" horizontalHuggingPriority="750" verticalHuggingPriority="750" contentHorizontalAlignment="center" contentVerticalAlignment="center" on="YES" translatesAutoresizingMaskIntoConstraints="NO" id="iGl-KL-Z2l">
                                <rect key="frame" x="300" y="310.66666666666669" width="49" height="31"/>
                            </switch>
                            <switch opaque="NO" contentMode="scaleToFill" horizontalHuggingPriority="750" verticalHuggingPriority="750" ambiguous="YES" contentHorizontalAlignment="center" contentVerticalAlignment="center" on="YES" translatesAutoresizingMaskIntoConstraints="NO" id="WED-kQ-QMx">
                                <rect key="frame" x="300" y="379" width="49" height="31"/>
                                <constraints>
                                    <constraint firstAttribute="height" constant="31" id="K4b-rT-NdN"/>
                                    <constraint firstAttribute="width" constant="47" id="usP-AK-zPL"/>
                                </constraints>
                            </switch>
                            <switch opaque="NO" contentMode="scaleToFill" horizontalHuggingPriority="750" verticalHuggingPriority="750" ambiguous="YES" contentHorizontalAlignment="center" contentVerticalAlignment="center" on="YES" translatesAutoresizingMaskIntoConstraints="NO" id="W4q-sI-b8Q">
                                <rect key="frame" x="298" y="448" width="49" height="31"/>
                                <constraints>
                                    <constraint firstAttribute="height" constant="31" id="MBF-g4-tPH"/>
                                    <constraint firstAttribute="width" constant="47" id="bVc-ry-hb8"/>
                                </constraints>
                            </switch>
                            <switch opaque="NO" contentMode="scaleToFill" horizontalHuggingPriority="750" verticalHuggingPriority="750" contentHorizontalAlignment="center" contentVerticalAlignment="center" on="YES" translatesAutoresizingMaskIntoConstraints="NO" id="rkB-fQ-9xl">
                                <rect key="frame" x="298" y="241" width="49" height="31"/>
                                <constraints>
                                    <constraint firstAttribute="height" constant="31" id="W53-Cf-bK5"/>
                                    <constraint firstAttribute="width" constant="47" id="tRa-KS-Iac"/>
                                </constraints>
                            </switch>
                            <switch opaque="NO" contentMode="scaleToFill" horizontalHuggingPriority="750" verticalHuggingPriority="750" fixedFrame="YES" contentHorizontalAlignment="center" contentVerticalAlignment="center" on="YES" translatesAutoresizingMaskIntoConstraints="NO" id="Yyn-y8-FR5">
                                <rect key="frame" x="298" y="172" width="49" height="31"/>
                                <autoresizingMask key="autoresizingMask" flexibleMaxX="YES" flexibleMaxY="YES"/>
                            </switch>
                            <label opaque="NO" userInteractionEnabled="NO" contentMode="left" horizontalHuggingPriority="251" verticalHuggingPriority="251" text="DOS" textAlignment="natural" lineBreakMode="tailTruncation" baselineAdjustment="alignBaselines" adjustsFontSizeToFit="NO" translatesAutoresizingMaskIntoConstraints="NO" id="5G0-6X-Uui">
                                <rect key="frame" x="69" y="315.66666666666669" width="36" height="21"/>
                                <fontDescription key="fontDescription" type="system" pointSize="17"/>
                                <nil key="textColor"/>
                                <nil key="highlightedColor"/>
                            </label>
                            <label opaque="NO" userInteractionEnabled="NO" contentMode="left" horizontalHuggingPriority="251" verticalHuggingPriority="251" ambiguous="YES" text="ABDOME" textAlignment="natural" lineBreakMode="tailTruncation" baselineAdjustment="alignBaselines" adjustsFontSizeToFit="NO" translatesAutoresizingMaskIntoConstraints="NO" id="IqV-t8-ZTW">
                                <rect key="frame" x="67" y="384" width="71" height="21"/>
                                <constraints>
                                    <constraint firstAttribute="width" relation="greaterThanOrEqual" constant="71" id="DNS-yG-BG6"/>
                                    <constraint firstAttribute="height" relation="greaterThanOrEqual" constant="21" id="EWb-qj-Ibg"/>
                                    <constraint firstAttribute="height" constant="21" id="Xdj-2l-ZCZ"/>
                                    <constraint firstAttribute="width" constant="71" id="m0s-w5-c7n"/>
                                </constraints>
                                <fontDescription key="fontDescription" type="system" pointSize="17"/>
                                <nil key="textColor"/>
                                <nil key="highlightedColor"/>
                            </label>
                            <slider opaque="NO" contentMode="scaleToFill" contentHorizontalAlignment="center" contentVerticalAlignment="center" value="0.5" minValue="0.0" maxValue="1" translatesAutoresizingMaskIntoConstraints="NO" id="kGk-gM-Kok">
                                <rect key="frame" x="66" y="572" width="282" height="30"/>
                                <constraints>
                                    <constraint firstAttribute="height" constant="29" id="Puf-yC-oty"/>
                                    <constraint firstAttribute="width" constant="278" id="wz9-tU-wcA"/>
                                </constraints>
                            </slider>
                            <label opaque="NO" userInteractionEnabled="NO" contentMode="left" horizontalHuggingPriority="251" verticalHuggingPriority="251" text="NIVEAU DE DIFFICULTÉ" textAlignment="natural" lineBreakMode="tailTruncation" baselineAdjustment="alignBaselines" adjustsFontSizeToFit="NO" translatesAutoresizingMaskIntoConstraints="NO" id="ulY-gD-N0c">
                                <rect key="frame" x="116" y="526" width="182" height="21"/>
                                <constraints>
                                    <constraint firstAttribute="height" constant="21" id="1Ua-U5-f5d"/>
                                    <constraint firstAttribute="width" constant="182" id="A5Z-aS-gfw"/>
                                </constraints>
                                <fontDescription key="fontDescription" type="system" pointSize="17"/>
                                <nil key="textColor"/>
                                <nil key="highlightedColor"/>
                            </label>
                            <textView clipsSubviews="YES" multipleTouchEnabled="YES" contentMode="scaleToFill" text="Choisissez les types d'exercices que vous voulez faire et le niveau de difficulté" textAlignment="center" translatesAutoresizingMaskIntoConstraints="NO" id="uUm-yy-PGR">
                                <rect key="frame" x="20" y="82" width="374" height="66"/>
                                <constraints>
                                    <constraint firstAttribute="height" constant="66" id="bDw-xW-QKA"/>
                                </constraints>
                                <fontDescription key="fontDescription" type="system" pointSize="14"/>
                                <textInputTraits key="textInputTraits" autocapitalizationType="sentences"/>
                            </textView>
                            <imageView userInteractionEnabled="NO" contentMode="scaleToFill" horizontalHuggingPriority="251" verticalHuggingPriority="251" image="jambe" translatesAutoresizingMaskIntoConstraints="NO" id="Toj-eh-gca">
                                <rect key="frame" x="174" y="156" width="66" height="62"/>
                                <constraints>
                                    <constraint firstAttribute="height" constant="62" id="3sE-DZ-Nfk"/>
                                    <constraint firstAttribute="width" constant="66" id="O0e-rY-KSH"/>
                                </constraints>
                            </imageView>
                            <label opaque="NO" userInteractionEnabled="NO" contentMode="left" horizontalHuggingPriority="251" verticalHuggingPriority="251" ambiguous="YES" text="ÉPAULES" textAlignment="natural" lineBreakMode="tailTruncation" baselineAdjustment="alignBaselines" adjustsFontSizeToFit="NO" translatesAutoresizingMaskIntoConstraints="NO" id="38A-8J-CiW">
                                <rect key="frame" x="64" y="453" width="72" height="21"/>
                                <constraints>
                                    <constraint firstAttribute="height" constant="21" id="bSI-g9-M8c"/>
                                    <constraint firstAttribute="width" constant="72" id="iRk-LS-aJB"/>
                                </constraints>
                                <fontDescription key="fontDescription" type="system" pointSize="17"/>
                                <nil key="textColor"/>
                                <nil key="highlightedColor"/>
                            </label>
                            <label opaque="NO" userInteractionEnabled="NO" contentMode="left" horizontalHuggingPriority="251" verticalHuggingPriority="251" fixedFrame="YES" text="JAMBE" textAlignment="natural" lineBreakMode="tailTruncation" baselineAdjustment="alignBaselines" adjustsFontSizeToFit="NO" translatesAutoresizingMaskIntoConstraints="NO" id="giB-qB-w6E">
                                <rect key="frame" x="58" y="177" width="55" height="21"/>
                                <autoresizingMask key="autoresizingMask" flexibleMaxX="YES" flexibleMaxY="YES"/>
                                <fontDescription key="fontDescription" type="system" pointSize="17"/>
                                <nil key="textColor"/>
                                <nil key="highlightedColor"/>
                            </label>
                            <label opaque="NO" userInteractionEnabled="NO" contentMode="left" horizontalHuggingPriority="251" verticalHuggingPriority="251" text="BRAS" textAlignment="natural" lineBreakMode="tailTruncation" baselineAdjustment="alignBaselines" adjustsFontSizeToFit="NO" translatesAutoresizingMaskIntoConstraints="NO" id="xcf-Wv-ffZ">
                                <rect key="frame" x="64" y="246" width="44" height="21"/>
                                <constraints>
                                    <constraint firstAttribute="height" constant="21" id="zpT-KM-GR0"/>
                                </constraints>
                                <fontDescription key="fontDescription" type="system" pointSize="17"/>
                                <nil key="textColor"/>
                                <nil key="highlightedColor"/>
                            </label>
                            <imageView userInteractionEnabled="NO" contentMode="scaleAspectFit" horizontalHuggingPriority="251" verticalHuggingPriority="251" image="arm" translatesAutoresizingMaskIntoConstraints="NO" id="vDx-Ik-AUc">
                                <rect key="frame" x="174" y="225" width="66" height="62"/>
                                <constraints>
                                    <constraint firstAttribute="width" constant="66" id="Mn3-Dp-Ijr"/>
                                    <constraint firstAttribute="height" constant="62" id="cFe-u5-vfK"/>
                                </constraints>
                            </imageView>
                            <imageView userInteractionEnabled="NO" contentMode="scaleToFill" horizontalHuggingPriority="251" verticalHuggingPriority="251" image="back" translatesAutoresizingMaskIntoConstraints="NO" id="WpH-qC-Kvh">
                                <rect key="frame" x="176" y="295" width="66" height="62"/>
                                <constraints>
                                    <constraint firstAttribute="width" constant="66" id="1tq-hq-oqo"/>
                                    <constraint firstAttribute="height" constant="62" id="Hqe-gC-dqJ"/>
                                    <constraint firstAttribute="height" relation="greaterThanOrEqual" constant="62" id="KC1-Gf-4E7"/>
                                    <constraint firstAttribute="width" relation="greaterThanOrEqual" constant="66" id="SgU-cp-Qlu"/>
                                </constraints>
                            </imageView>
                            <imageView userInteractionEnabled="NO" contentMode="scaleToFill" horizontalHuggingPriority="251" verticalHuggingPriority="251" ambiguous="YES" image="ABDOM" translatesAutoresizingMaskIntoConstraints="NO" id="Bbf-VB-Qws">
                                <rect key="frame" x="176" y="363" width="66" height="62"/>
                                <constraints>
                                    <constraint firstAttribute="width" constant="66" id="TeQ-Nd-9IQ"/>
                                    <constraint firstAttribute="height" constant="62" id="iXw-Rb-khi"/>
                                </constraints>
                            </imageView>
                            <imageView userInteractionEnabled="NO" contentMode="scaleToFill" horizontalHuggingPriority="251" verticalHuggingPriority="251" misplaced="YES" image="epaules" translatesAutoresizingMaskIntoConstraints="NO" id="Kal-wF-aG3">
                                <rect key="frame" x="176" y="433" width="66" height="62"/>
                                <constraints>
                                    <constraint firstAttribute="width" constant="66" id="f1s-DL-cgp"/>
                                    <constraint firstAttribute="height" constant="62" id="xq6-2z-8AR"/>
                                </constraints>
                            </imageView>
                        </subviews>
                        <color key="backgroundColor" red="0.94699603319168091" green="0.87570196390151978" blue="0.78742045164108276" alpha="1" colorSpace="custom" customColorSpace="sRGB"/>
                        <constraints>
                            <constraint firstItem="WpH-qC-Kvh" firstAttribute="leading" secondItem="5G0-6X-Uui" secondAttribute="trailing" constant="71" id="08I-Xj-ctV"/>
                            <constraint firstItem="YrN-Ch-hDc" firstAttribute="trailing" secondItem="uUm-yy-PGR" secondAttribute="trailing" constant="20" id="0Fu-8a-m0M"/>
                            <constraint firstItem="Kal-wF-aG3" firstAttribute="top" secondItem="WpH-qC-Kvh" secondAttribute="bottom" constant="8" id="0GT-yG-i0J"/>
                            <constraint firstItem="IqV-t8-ZTW" firstAttribute="leading" secondItem="YrN-Ch-hDc" secondAttribute="leading" constant="67" id="0o0-b6-1Fj"/>
                            <constraint firstItem="rkB-fQ-9xl" firstAttribute="leading" secondItem="vDx-Ik-AUc" secondAttribute="trailing" constant="58" id="2jv-5d-oLA"/>
                            <constraint firstItem="5G0-6X-Uui" firstAttribute="centerY" secondItem="WpH-qC-Kvh" secondAttribute="centerY" id="4Rb-jz-CaT"/>
                            <constraint firstItem="YrN-Ch-hDc" firstAttribute="trailing" secondItem="ulY-gD-N0c" secondAttribute="trailing" constant="116" id="5c0-Bn-vaj"/>
                            <constraint firstItem="IqV-t8-ZTW" firstAttribute="centerY" secondItem="Bbf-VB-Qws" secondAttribute="centerY" id="6W1-kC-TyR"/>
                            <constraint firstItem="YrN-Ch-hDc" firstAttribute="trailing" secondItem="iGl-KL-Z2l" secondAttribute="trailing" constant="67" id="6yR-9o-iXd"/>
                            <constraint firstItem="Toj-eh-gca" firstAttribute="top" secondItem="uUm-yy-PGR" secondAttribute="bottom" constant="8" id="7Nz-pM-VRb"/>
                            <constraint firstItem="vDx-Ik-AUc" firstAttribute="top" secondItem="Toj-eh-gca" secondAttribute="bottom" constant="7" id="8bF-QH-GvU"/>
                            <constraint firstItem="WpH-qC-Kvh" firstAttribute="top" secondItem="vDx-Ik-AUc" secondAttribute="bottom" constant="8" id="8q3-lk-CBj"/>
                            <constraint firstItem="iGl-KL-Z2l" firstAttribute="centerY" secondItem="WpH-qC-Kvh" secondAttribute="centerY" id="Dqg-0a-vcM"/>
                            <constraint firstItem="xcf-Wv-ffZ" firstAttribute="leading" secondItem="N97-BW-phu" secondAttribute="leading" constant="64" id="E5i-XV-Jnq"/>
                            <constraint firstItem="uUm-yy-PGR" firstAttribute="leading" secondItem="YrN-Ch-hDc" secondAttribute="leading" constant="20" id="IXO-em-PHf"/>
                            <constraint firstItem="BGA-31-7Nz" firstAttribute="centerX" secondItem="N97-BW-phu" secondAttribute="centerX" id="Jck-pN-mVe"/>
                            <constraint firstItem="YrN-Ch-hDc" firstAttribute="bottom" secondItem="kGk-gM-Kok" secondAttribute="bottom" constant="135" id="KrX-le-Isn"/>
                            <constraint firstItem="xcf-Wv-ffZ" firstAttribute="centerY" secondItem="vDx-Ik-AUc" secondAttribute="centerY" id="OmN-gO-QtE"/>
                            <constraint firstItem="ulY-gD-N0c" firstAttribute="leading" secondItem="YrN-Ch-hDc" secondAttribute="leading" constant="116" id="VMn-Zh-EeX"/>
                            <constraint firstItem="WpH-qC-Kvh" firstAttribute="top" secondItem="vDx-Ik-AUc" secondAttribute="bottom" constant="8" id="XE7-cc-CW1"/>
                            <constraint firstItem="YrN-Ch-hDc" firstAttribute="trailing" secondItem="kGk-gM-Kok" secondAttribute="trailing" constant="68" id="cfb-fR-C1q"/>
                            <constraint firstItem="uUm-yy-PGR" firstAttribute="top" secondItem="BGA-31-7Nz" secondAttribute="bottom" constant="8" id="etz-7s-QdR"/>
                            <constraint firstItem="WED-kQ-QMx" firstAttribute="centerY" secondItem="Bbf-VB-Qws" secondAttribute="centerY" id="fkL-hh-Vpf"/>
                            <constraint firstItem="BGA-31-7Nz" firstAttribute="top" secondItem="YrN-Ch-hDc" secondAttribute="top" constant="24" id="gmZ-9W-RV9"/>
                            <constraint firstItem="kGk-gM-Kok" firstAttribute="leading" secondItem="YrN-Ch-hDc" secondAttribute="leading" constant="68" id="ihv-KZ-BrB"/>
                            <constraint firstItem="rkB-fQ-9xl" firstAttribute="centerY" secondItem="vDx-Ik-AUc" secondAttribute="centerY" id="kGi-wI-Koj"/>
                            <constraint firstItem="YrN-Ch-hDc" firstAttribute="trailing" secondItem="rkB-fQ-9xl" secondAttribute="trailing" constant="69" id="nki-ve-Qaz"/>
                            <constraint firstItem="WpH-qC-Kvh" firstAttribute="top" secondItem="vDx-Ik-AUc" secondAttribute="bottom" constant="8" id="pfA-5c-kWK"/>
                            <constraint firstItem="kGk-gM-Kok" firstAttribute="top" secondItem="ulY-gD-N0c" secondAttribute="bottom" constant="25" id="poT-EM-dlp"/>
                            <constraint firstItem="Toj-eh-gca" firstAttribute="centerX" secondItem="N97-BW-phu" secondAttribute="centerX" id="s9G-nP-dSQ"/>
                            <constraint firstItem="vDx-Ik-AUc" firstAttribute="leading" relation="greaterThanOrEqual" secondItem="xcf-Wv-ffZ" secondAttribute="trailing" constant="8" symbolic="YES" id="sIi-br-v4V"/>
                            <constraint firstItem="WED-kQ-QMx" firstAttribute="leading" secondItem="Bbf-VB-Qws" secondAttribute="trailing" constant="58" id="sn7-8J-2j8"/>
                            <constraint firstItem="iGl-KL-Z2l" firstAttribute="leading" secondItem="WpH-qC-Kvh" secondAttribute="trailing" constant="58" id="uZ7-pB-hJQ"/>
                            <constraint firstItem="Bbf-VB-Qws" firstAttribute="centerX" secondItem="WpH-qC-Kvh" secondAttribute="centerX" id="vis-de-Aev"/>
                            <constraint firstItem="YrN-Ch-hDc" firstAttribute="trailing" secondItem="WED-kQ-QMx" secondAttribute="trailing" constant="67" id="wrZ-uz-Exx"/>
                            <constraint firstItem="Kal-wF-aG3" firstAttribute="centerX" secondItem="Bbf-VB-Qws" secondAttribute="centerX" id="x8n-xk-xTb"/>
                            <constraint firstItem="YrN-Ch-hDc" firstAttribute="trailing" secondItem="W4q-sI-b8Q" secondAttribute="trailing" constant="69" id="ydT-B7-uvX"/>
                        </constraints>
                        <viewLayoutGuide key="safeArea" id="YrN-Ch-hDc"/>
                    </view>
                </viewController>
                <placeholder placeholderIdentifier="IBFirstResponder" id="uPV-sx-EVs" userLabel="First Responder" sceneMemberID="firstResponder"/>
            </objects>
            <point key="canvasLocation" x="3589.8550724637685" y="31.793478260869566"/>
        </scene>
    </scenes>
    <resources>
        <image name="ABDOM" width="100" height="100"/>
        <image name="Sans titre-1" width="4450" height="1010"/>
        <image name="arm" width="100" height="100"/>
        <image name="back" width="100" height="100"/>
        <image name="epaules" width="100" height="100"/>
        <image name="haste-1" width="681" height="1583"/>
        <image name="jambe" width="100" height="100"/>
    </resources>
    <color key="tintColor" red="0.14355498552322388" green="0.93539148569107056" blue="0.62681514024734497" alpha="1" colorSpace="custom" customColorSpace="sRGB"/>
</document>
